Team_ID,Ngày tạo team,Tên/ghi chú team,Email đăng nhập,Mật khẩu,Link mời (tuỳ chọn),Số slot tối đa,Slot đang dùng (AUTO),Slot còn trống (AUTO),Trạng thái team (AUTO),Cảnh báo vượt slot (AUTO),Ghi chú
T001,17/06/2025,"lacapncurbys8@outlook.com | pOmfUs@Tin


- Anh login bằng email | pass, xong nhắn em lấy code nha anh

- Sau đó truy cập vào đây đổi mật khẩu nếu muốn:
https://www.canva.com/settings/login-and-security

- Liên quan đến bảo hành nên loại này không giao mail được.

CHÍNH SÁCH BẢO HÀNH CANVA PRO FOR TEAM

- Không thêm hoặc xoá (kick) quá nhiều thành viên trong thời gian ngắn, vì hệ thống có thể phát hiện hoạt động bất thường và tiến hành khoá tài khoản.

- Không thay đổi email liên kết tài khoản trong suốt thời gian bảo hành.

- Không set quyền Team Admin (Pro) quá 2 thành viên, vì sẽ dễ bị hệ thống khoá tài khoản.

- Chỉ bảo hành gói Canva Fam Pro, không bảo hành đối với các tài khoản cá nhân bị khoá do vi phạm chính sách của Canva hoặc lỗi từ phía người dùng.
",lacapncurbys8@outlook.com,pOmfUs@Tin,,88,#REF!,#REF!,#REF!,#REF!,Team Canva Pro
T002,03/10/2025 - 03/10/2026,"""Mail | Pass | 2FA
anh597812@gmail.com | QuangTrungNhamNha892304565 | 6ogm qjrd mqdj gkkr jaa7 gotj clsp 22xo


Toàn bộ các setup vui lòng giữ nguyên để tránh bị quét tài khoản (kể cả thông tin team, tên acc, tên đội nhóm,...), sẽ khiến acc khác giấy tờ gốc.

Login tài khoản canva cố định 1 thiết bị, CÓ thể đổi hoặc thêm mật khẩu.

Số lượng member add được tối đa là: 49

Khi add mem, có thể mời thành viên với roll là Team Brand Designer (Để được tận hưởng full các tính năng AI, Brandkit). Roll Team Member sẽ bị hạn chế các tính kể trên.

Tuyệt đối không được mời member với tư cách Quản trị viên đội (Team Admin).

HSD: Lifetime
Hạn Bảo Hành: 03/10/2025 - 03/10/2026""",anh597812@gmail.com,QuangTrungNhamNha892304565,,48,#REF!,#REF!,#REF!,#REF!,Team Non DIE
T003,06/11/2025 - 06/11/2026,"Mail | Pass | 2FA hauem7075@gmail.com | Thanhthu@251295 | xw3e vfqp 2wbr svcc pukj 44b3 pzib qni5 Toàn bộ các setup vui lòng giữ nguyên để tránh bị quét tài khoản (kể cả thông tin team, tên acc, tên đội nhóm,...), sẽ khiến acc khác giấy tờ gốc. Login tài khoản canva cố định 1 thiết bị, CÓ thể đổi hoặc thêm mật khẩu. Số lượng member add được tối đa là: 49 Khi add mem, có thể mời thành viên với roll là Team Brand Designer (Để được tận hưởng full các tính năng AI, Brandkit). Roll Team Member sẽ bị hạn chế các tính kể trên. Tuyệt đối không được mời member với tư cách Quản trị viên đội (Team Admin). HSD: Lifetime Hạn Bảo Hành: 06/11/2025 - 06/11/2026",,,,48,#REF!,#REF!,#REF!,#REF!,
T004,06/10/2025 - 06/10/2026 ,"olsonxiee7f@hotmail.com|YZHW74GKOA|M.C521_SN1.0.U.-CssYFvfGy9jFa2CdUUgFA1w1FjRlOL5qnW1ncMtNAKsiYSiGaLZwawsbp0nI51SkUfeeyxOdXvirKbbnxkxQGE0l*2lUgWzjHJPSajA8pzhmhdL6GCf!HzGORsfKhSLGeRg!p9QQCJK1cerc2MSZyxIORCsXdKnf6iWuldgZNM6Z79lWdGnTRfTu8f8AqMSZ7rn7*znTYRKuAkXSuUoQq!3LXHT4mwGLJjN6HzWcHjqmSsfBugPRWl7BhGZIvc0e*n95erbxm98fFXSWvq*TpShp2HLPnyOCMfY6mEEN4kHhI2iiSr86PF2qG36i61*N09Q!3s*C!ZHf09fH51wvdi4$|9e5f94bc-e8a4-4e73-b8be-63364c29d753


Đọc hòm thư bằng API tại: dongvanfb.net/read_mail_box/

EMAIL | PASS EMAIL
olsonxiee7f@hotmail.com | YZHW74GKOA


Login = Email + Code OTP, có thể tự tạo mật khẩu canva.
Vui lòng thêm các thông tin khôi phục vào Email để bảo mật mail.

Toàn bộ các setup vui lòng giữ nguyên để tránh bị quét tài khoản (kể cả thông tin team, tên acc, tên đội nhóm,...), sẽ khiến acc khác giấy tờ gốc , dẫn đến bị quét tài khoản (Từ chối bảo hành)

Login tài khoản canva cố định 1 thiết bị, CÓ thể đổi hoặc thêm mật khẩu.

Số lượng member add được tối đa là: 49

Khi add mem, có thể mời thành viên với roll là Team Brand Designer (Để được tận hưởng full các tính năng AI, Brandkit). Roll Team Member sẽ bị hạn chế các tính kể trên.

Tuyệt đối không được mời member với tư cách Quản trị viên đội (Team Admin).

HSD: Lifetime
Hạn Bảo Hành: 06/10/2025 - 06/10/2026 (Bù 3 ngày)",,,,48,#REF!,#REF!,#REF!,#REF!,Team Non Bảo Hành T002